qb_transaction_id,class,qb_description,qb_description_fp,qb_date,qb_amount,qb_ledger_book_id,user_id,client_entity_id,practice_id,n_matches,n_approved,n_unapproved
024b4e7a-6ecd-4907-9c98-88b6fc0981a9,R3,MICROSOFT 365,1054cb307cd7f9019a0860035920cc725f32eb675bee25548ddf1f634c9dc8d5,2026-09-05,1106.32,933cc6e0-27ea-4570-8a3b-41d1a8af9a13,0042d6e0-86f5-4c2e-970e-a0c7ac04106a,47f6862a-19c4-4c66-9207-fc20fc3ec2f2,1c8b1bb2-1e2b-4d24-b141-e674ac840b6e,2,2,0
027cdfa7-f24c-4e52-ab03-6b78490687a0,R3,CLIENT PAYMENT INV-3006,851559b0e91b9e2ce5406a7ccda012f7959e883d7da6b553fe8300bde87e4493,2026-09-04,-480.65,e125b9e1-616a-4c65-969d-6e650b6d38ac,38832e8e-fa0f-45a3-96ce-3cb6da270cbe,daa94c07-e040-4a68-9c2f-b7f1c57582c8,3b8c0820-6970-400f-a6ed-827890f4b74c,5,2,3
029fc64e-03fd-43db-b5bb-19e4d51cc4c4,R3,CLIENT PAYMENT INV-3002,85497a91225efc910082861f4ac064d735de2ad5a4e8ac6d1644673d7b3a161d,2026-09-02,-804.30,e125b9e1-616a-4c65-969d-6e650b6d38ac,38832e8e-fa0f-45a3-96ce-3cb6da270cbe,daa94c07-e040-4a68-9c2f-b7f1c57582c8,3b8c0820-6970-400f-a6ed-827890f4b74c,5,2,3
0316a12a-8b5a-449e-b9ae-434ae107efb6,R3,TRAINLINE,e1eaff0eb106c162aaa2b5b15fe915f5817a5855983217f5e3b5d5d5d9bfbf39,2026-09-06,1970.52,933cc6e0-27ea-4570-8a3b-41d1a8af9a13,0042d6e0-86f5-4c2e-970e-a0c7ac04106a,47f6862a-19c4-4c66-9207-fc20fc3ec2f2,1c8b1bb2-1e2b-4d24-b141-e674ac840b6e,2,2,0
04c1bde4-5d48-4223-8e22-6049b5b7961f,R3,STRIPE FEE,f0ba59aa7aa6663dd74593cd25e7adb8707b24f6f20908694a2a2c91c9b8a541,2026-09-01,178.44,e125b9e1-616a-4c65-969d-6e650b6d38ac,38832e8e-fa0f-45a3-96ce-3cb6da270cbe,daa94c07-e040-4a68-9c2f-b7f1c57582c8,3b8c0820-6970-400f-a6ed-827890f4b74c,6,3,3
0848b035-180f-405a-a9d9-cfc22dfdfddb,R3,CLIENT PAYMENT INV-3007,b0dacb11da5a158e80e4e26626b0a2751b3a09df98f9041c1ef8a59326f6ca06,2026-09-05,-289.97,933cc6e0-27ea-4570-8a3b-41d1a8af9a13,0042d6e0-86f5-4c2e-970e-a0c7ac04106a,47f6862a-19c4-4c66-9207-fc20fc3ec2f2,1c8b1bb2-1e2b-4d24-b141-e674ac840b6e,2,2,0
0887172a-0cc0-47f5-8663-9d93e108ddf9,R3,GOOGLE WORKSPACE,c3f6bcf802410fe377de9e52cc34a7fd6c4cde995f949d42420033abefeaae19,2026-09-14,1199.89,933cc6e0-27ea-4570-8a3b-41d1a8af9a13,0042d6e0-86f5-4c2e-970e-a0c7ac04106a,47f6862a-19c4-4c66-9207-fc20fc3ec2f2,1c8b1bb2-1e2b-4d24-b141-e674ac840b6e,2,2,0
089ee412-1a58-4317-bd77-c09bb4b1d776,R2,CLIENT PAYMENT INV-3016,2e24d4d5fef1d2ef850f7e1e5bb411b8758dea507a62057e8c7dad9faf5d831b,2026-09-17,-3483.27,933cc6e0-27ea-4570-8a3b-41d1a8af9a13,0042d6e0-86f5-4c2e-970e-a0c7ac04106a,47f6862a-19c4-4c66-9207-fc20fc3ec2f2,1c8b1bb2-1e2b-4d24-b141-e674ac840b6e,2,1,1
0d2769e9-377e-4ae4-918b-f22e42106230,R3,GOOGLE WORKSPACE,c3f6bcf802410fe377de9e52cc34a7fd6c4cde995f949d42420033abefeaae19,2026-09-08,461.95,e125b9e1-616a-4c65-969d-6e650b6d38ac,38832e8e-fa0f-45a3-96ce-3cb6da270cbe,daa94c07-e040-4a68-9c2f-b7f1c57582c8,3b8c0820-6970-400f-a6ed-827890f4b74c,4,2,2
0e9b2b65-ed96-4a22-92eb-4570811bd5b0,R3,CLIENT PAYMENT INV-3008,0d1a3b997d44400805c9272e7706e888a25af703767ead96cba45453406c198a,2026-09-08,-973.71,e125b9e1-616a-4c65-969d-6e650b6d38ac,38832e8e-fa0f-45a3-96ce-3cb6da270cbe,daa94c07-e040-4a68-9c2f-b7f1c57582c8,3b8c0820-6970-400f-a6ed-827890f4b74c,4,2,2
0f3bf1ab-2a6a-4091-b846-5c1c9640e634,R3,MICROSOFT 365,1054cb307cd7f9019a0860035920cc725f32eb675bee25548ddf1f634c9dc8d5,2026-09-06,763.35,e125b9e1-616a-4c65-969d-6e650b6d38ac,38832e8e-fa0f-45a3-96ce-3cb6da270cbe,daa94c07-e040-4a68-9c2f-b7f1c57582c8,3b8c0820-6970-400f-a6ed-827890f4b74c,5,2,3
10af5fe3-d84d-40ea-8a8b-85ceb1c6b82e,R3,ADOBE,ee9021c84f33366bde80b75efa132836e47afa18b9ce58e8077f4c25d039666c,2026-09-03,1397.79,e125b9e1-616a-4c65-969d-6e650b6d38ac,38832e8e-fa0f-45a3-96ce-3cb6da270cbe,daa94c07-e040-4a68-9c2f-b7f1c57582c8,3b8c0820-6970-400f-a6ed-827890f4b74c,4,2,2
11bfd4be-3223-436d-bee7-416296e182c5,R2,CLIENT PAYMENT INV-3003,5820b82e12ab122f0b81f000ce8de87f19497966b1258f05396450c589916094,2026-09-03,-3049.09,933cc6e0-27ea-4570-8a3b-41d1a8af9a13,0042d6e0-86f5-4c2e-970e-a0c7ac04106a,47f6862a-19c4-4c66-9207-fc20fc3ec2f2,1c8b1bb2-1e2b-4d24-b141-e674ac840b6e,2,1,1
130b21ed-869f-4485-8732-186c9f166d12,R3,MICROSOFT 365,1054cb307cd7f9019a0860035920cc725f32eb675bee25548ddf1f634c9dc8d5,2026-09-15,1956.08,e125b9e1-616a-4c65-969d-6e650b6d38ac,38832e8e-fa0f-45a3-96ce-3cb6da270cbe,daa94c07-e040-4a68-9c2f-b7f1c57582c8,3b8c0820-6970-400f-a6ed-827890f4b74c,4,2,2
17ae1677-2955-4bd5-8421-9487cc2d8eb2,R3,CLIENT PAYMENT INV-3013,d22166ec0fe58d8cce2936282d62753973992baf8831af2dfec4fc55352a03c1,2026-09-12,-595.64,e125b9e1-616a-4c65-969d-6e650b6d38ac,38832e8e-fa0f-45a3-96ce-3cb6da270cbe,daa94c07-e040-4a68-9c2f-b7f1c57582c8,3b8c0820-6970-400f-a6ed-827890f4b74c,4,2,2
1874775a-2148-48fa-89d6-eb020b86b693,R3,STRIPE PAYOUT,b1ba32ff6017633bf4a5f0b8cf094a15f87173e492fab6d5d965b6bd6d5941ec,2026-09-12,-3403.01,e125b9e1-616a-4c65-969d-6e650b6d38ac,38832e8e-fa0f-45a3-96ce-3cb6da270cbe,daa94c07-e040-4a68-9c2f-b7f1c57582c8,3b8c0820-6970-400f-a6ed-827890f4b74c,5,2,3
1a9f4d41-55f9-4ff3-a464-5afe6968687f,R3,STRIPE FEE,f0ba59aa7aa6663dd74593cd25e7adb8707b24f6f20908694a2a2c91c9b8a541,2026-09-14,1907.23,e125b9e1-616a-4c65-969d-6e650b6d38ac,38832e8e-fa0f-45a3-96ce-3cb6da270cbe,daa94c07-e040-4a68-9c2f-b7f1c57582c8,3b8c0820-6970-400f-a6ed-827890f4b74c,4,2,2
1bb3b2c7-fbf2-4302-8755-005062ceef43,R3,ADOBE,ee9021c84f33366bde80b75efa132836e47afa18b9ce58e8077f4c25d039666c,2026-09-10,1021.50,933cc6e0-27ea-4570-8a3b-41d1a8af9a13,0042d6e0-86f5-4c2e-970e-a0c7ac04106a,47f6862a-19c4-4c66-9207-fc20fc3ec2f2,1c8b1bb2-1e2b-4d24-b141-e674ac840b6e,2,2,0
1caad322-147d-4798-83c4-8ec475e3cd66,R3,OFFICE DEPOT,3275864377542bd8883cb51767fd2c943ee93720f491075090e4d2d1b4db6de4,2026-09-04,532.72,e125b9e1-616a-4c65-969d-6e650b6d38ac,38832e8e-fa0f-45a3-96ce-3cb6da270cbe,daa94c07-e040-4a68-9c2f-b7f1c57582c8,3b8c0820-6970-400f-a6ed-827890f4b74c,5,2,3
1ecbc53a-05a9-4c43-b60b-2ed92cd7ff98,R2,CLIENT PAYMENT INV-3011,d216e750c164970f9b22512542dad86d254787dd920e72618dbe5632c6890b50,2026-09-11,-1664.77,933cc6e0-27ea-4570-8a3b-41d1a8af9a13,0042d6e0-86f5-4c2e-970e-a0c7ac04106a,47f6862a-19c4-4c66-9207-fc20fc3ec2f2,1c8b1bb2-1e2b-4d24-b141-e674ac840b6e,2,1,1
230f061a-073b-4361-b576-6bee80d8b672,R3,TRAINLINE,e1eaff0eb106c162aaa2b5b15fe915f5817a5855983217f5e3b5d5d5d9bfbf39,2026-09-13,1684.13,933cc6e0-27ea-4570-8a3b-41d1a8af9a13,0042d6e0-86f5-4c2e-970e-a0c7ac04106a,47f6862a-19c4-4c66-9207-fc20fc3ec2f2,1c8b1bb2-1e2b-4d24-b141-e674ac840b6e,2,2,0
241696ed-920d-4832-a0fe-5dc5d3b89a75,R2,CLIENT PAYMENT INV-3005,0dc0c131f5f51af06bd1ef5f24ca427d175bc3d58723c30da9f6bf38598bf432,2026-09-04,-383.67,933cc6e0-27ea-4570-8a3b-41d1a8af9a13,0042d6e0-86f5-4c2e-970e-a0c7ac04106a,47f6862a-19c4-4c66-9207-fc20fc3ec2f2,1c8b1bb2-1e2b-4d24-b141-e674ac840b6e,2,1,1
2558eb7b-81be-4075-beba-7ce9f54e1b8a,R3,STRIPE FEE,f0ba59aa7aa6663dd74593cd25e7adb8707b24f6f20908694a2a2c91c9b8a541,2026-09-02,841.94,e125b9e1-616a-4c65-969d-6e650b6d38ac,38832e8e-fa0f-45a3-96ce-3cb6da270cbe,daa94c07-e040-4a68-9c2f-b7f1c57582c8,3b8c0820-6970-400f-a6ed-827890f4b74c,5,2,3
2609af68-c759-48b4-9beb-1cd990fedef5,R3,STRIPE PAYOUT,b1ba32ff6017633bf4a5f0b8cf094a15f87173e492fab6d5d965b6bd6d5941ec,2026-09-08,-783.56,933cc6e0-27ea-4570-8a3b-41d1a8af9a13,0042d6e0-86f5-4c2e-970e-a0c7ac04106a,47f6862a-19c4-4c66-9207-fc20fc3ec2f2,1c8b1bb2-1e2b-4d24-b141-e674ac840b6e,2,2,0
2b9c1180-7c15-4be0-9af5-aa2598409858,R2,CLIENT PAYMENT INV-3012,3776d648582b314dcf68dcc73d82f9911965bb984244cbd6eaf08f0aca4aa63e,2026-09-11,-3301.39,933cc6e0-27ea-4570-8a3b-41d1a8af9a13,0042d6e0-86f5-4c2e-970e-a0c7ac04106a,47f6862a-19c4-4c66-9207-fc20fc3ec2f2,1c8b1bb2-1e2b-4d24-b141-e674ac840b6e,2,1,1
2f0dd09c-3237-4f2f-8e59-19ce2c8c9f43,R3,HMRC VAT PAYMENT,e4720f94beb86e1369e1bb706b045e5b2f63ec04fd68fe5392c4459b4e64d0ce,2026-09-10,1194.84,933cc6e0-27ea-4570-8a3b-41d1a8af9a13,0042d6e0-86f5-4c2e-970e-a0c7ac04106a,47f6862a-19c4-4c66-9207-fc20fc3ec2f2,1c8b1bb2-1e2b-4d24-b141-e674ac840b6e,2,2,0
310c04ad-bb53-450a-a2d8-ae6b5179ef4f,R3,CLIENT PAYMENT INV-3004,f45b8a681f8b9a98f41c4eb542a6ffddbbcd3ce2c86a38e0a724826a67634b48,2026-09-03,-3352.39,e125b9e1-616a-4c65-969d-6e650b6d38ac,38832e8e-fa0f-45a3-96ce-3cb6da270cbe,daa94c07-e040-4a68-9c2f-b7f1c57582c8,3b8c0820-6970-400f-a6ed-827890f4b74c,5,2,3
3122e89c-af7f-4d7e-9291-08fba0cbabef,R3,SHELL,ce635c4eabff5e4f56dba8fb1e39ca235530aa2b6b18533eef1af3862016c577,2026-09-13,309.91,933cc6e0-27ea-4570-8a3b-41d1a8af9a13,0042d6e0-86f5-4c2e-970e-a0c7ac04106a,47f6862a-19c4-4c66-9207-fc20fc3ec2f2,1c8b1bb2-1e2b-4d24-b141-e674ac840b6e,2,2,0
33b62ce5-4cd4-4ccb-a336-18577f073969,R3,CLIENT PAYMENT INV-3001,81a13a3baadec3c85229974f613ac10289d9e65a2640ffca1beb601538fd4293,2026-09-01,-403.61,e125b9e1-616a-4c65-969d-6e650b6d38ac,38832e8e-fa0f-45a3-96ce-3cb6da270cbe,daa94c07-e040-4a68-9c2f-b7f1c57582c8,3b8c0820-6970-400f-a6ed-827890f4b74c,6,3,3
34108cb5-8e9a-4616-9eeb-5cf8818eb729,R3,STRIPE PAYOUT,b1ba32ff6017633bf4a5f0b8cf094a15f87173e492fab6d5d965b6bd6d5941ec,2026-09-08,-783.56,e125b9e1-616a-4c65-969d-6e650b6d38ac,38832e8e-fa0f-45a3-96ce-3cb6da270cbe,daa94c07-e040-4a68-9c2f-b7f1c57582c8,3b8c0820-6970-400f-a6ed-827890f4b74c,5,2,3
390c6fca-f03e-466f-b70e-870fe77532c9,R3,GOOGLE WORKSPACE,c3f6bcf802410fe377de9e52cc34a7fd6c4cde995f949d42420033abefeaae19,2026-09-14,1199.89,e125b9e1-616a-4c65-969d-6e650b6d38ac,38832e8e-fa0f-45a3-96ce-3cb6da270cbe,daa94c07-e040-4a68-9c2f-b7f1c57582c8,3b8c0820-6970-400f-a6ed-827890f4b74c,4,2,2
3939c995-5169-4e3b-83ed-7a13dcf4d79f,R3,OFFICE DEPOT,3275864377542bd8883cb51767fd2c943ee93720f491075090e4d2d1b4db6de4,2026-09-16,849.16,e125b9e1-616a-4c65-969d-6e650b6d38ac,38832e8e-fa0f-45a3-96ce-3cb6da270cbe,daa94c07-e040-4a68-9c2f-b7f1c57582c8,3b8c0820-6970-400f-a6ed-827890f4b74c,4,2,2
3b271b79-9d0f-430a-98e1-a5538988fb47,R2,CLIENT PAYMENT INV-3009,99a2c89c46a1d38b8fa844880697371c9a579f62aa8c73fe62dec468cc2a5606,2026-09-09,-1298.89,933cc6e0-27ea-4570-8a3b-41d1a8af9a13,0042d6e0-86f5-4c2e-970e-a0c7ac04106a,47f6862a-19c4-4c66-9207-fc20fc3ec2f2,1c8b1bb2-1e2b-4d24-b141-e674ac840b6e,2,1,1
3b9a5c97-9561-4511-977b-85c21c73e968,R3,MICROSOFT 365,1054cb307cd7f9019a0860035920cc725f32eb675bee25548ddf1f634c9dc8d5,2026-09-15,1956.08,933cc6e0-27ea-4570-8a3b-41d1a8af9a13,0042d6e0-86f5-4c2e-970e-a0c7ac04106a,47f6862a-19c4-4c66-9207-fc20fc3ec2f2,1c8b1bb2-1e2b-4d24-b141-e674ac840b6e,2,2,0
409bdb27-d69d-42e8-86de-8a830ea99288,R3,CLIENT PAYMENT INV-3010,fa49995867be7c7a7960b7217937c407f01705bab82b93147badaf2f0ef57d25,2026-09-10,-428.29,e125b9e1-616a-4c65-969d-6e650b6d38ac,38832e8e-fa0f-45a3-96ce-3cb6da270cbe,daa94c07-e040-4a68-9c2f-b7f1c57582c8,3b8c0820-6970-400f-a6ed-827890f4b74c,4,2,2
41adbcf4-b89a-464f-8d26-f87aae5bc8aa,R6,REFUND AMAZON,4e1599e7d8046e4ec850afe761adf81abe542789adb5d7fabc00ec07859f10d4,2026-10-01,-48.72,e125b9e1-616a-4c65-969d-6e650b6d38ac,38832e8e-fa0f-45a3-96ce-3cb6da270cbe,daa94c07-e040-4a68-9c2f-b7f1c57582c8,3b8c0820-6970-400f-a6ed-827890f4b74c,5,2,3
43be2941-a210-4caa-9253-7cc632104c27,R6,TRANSFER TO SAVINGS,2550ddeaf2e9936c2182a63fd46dce90fcff49f5c3da8e0ed098afd6a56ebf34,2026-09-30,1000.00,e125b9e1-616a-4c65-969d-6e650b6d38ac,38832e8e-fa0f-45a3-96ce-3cb6da270cbe,daa94c07-e040-4a68-9c2f-b7f1c57582c8,3b8c0820-6970-400f-a6ed-827890f4b74c,5,2,3
4526cb27-4bd8-4fd3-a3e3-b61d5e680a87,R5,4FB-CANONICAL-TEST B,f4ae5fc78dc8fdfabd898fe77a9eb2bbf90d5c5540cfedebcb5981185fc0d211,2026-07-16,5.00,e125b9e1-616a-4c65-969d-6e650b6d38ac,38832e8e-fa0f-45a3-96ce-3cb6da270cbe,daa94c07-e040-4a68-9c2f-b7f1c57582c8,3b8c0820-6970-400f-a6ed-827890f4b74c,2,0,2
46380a7e-408d-48e3-b2eb-dcc2655ab923,R3,CLIENT PAYMENT INV-3012,3776d648582b314dcf68dcc73d82f9911965bb984244cbd6eaf08f0aca4aa63e,2026-09-11,-3301.39,e125b9e1-616a-4c65-969d-6e650b6d38ac,38832e8e-fa0f-45a3-96ce-3cb6da270cbe,daa94c07-e040-4a68-9c2f-b7f1c57582c8,3b8c0820-6970-400f-a6ed-827890f4b74c,4,2,2
46b7c9f3-c0b3-411f-8176-330f022352d7,R3,STRIPE PAYOUT,b1ba32ff6017633bf4a5f0b8cf094a15f87173e492fab6d5d965b6bd6d5941ec,2026-09-12,-3403.01,933cc6e0-27ea-4570-8a3b-41d1a8af9a13,0042d6e0-86f5-4c2e-970e-a0c7ac04106a,47f6862a-19c4-4c66-9207-fc20fc3ec2f2,1c8b1bb2-1e2b-4d24-b141-e674ac840b6e,2,2,0
48757796-28a9-4232-b6f0-23ef6756cc2f,R2,CLIENT PAYMENT INV-3001,81a13a3baadec3c85229974f613ac10289d9e65a2640ffca1beb601538fd4293,2026-09-01,-403.61,933cc6e0-27ea-4570-8a3b-41d1a8af9a13,0042d6e0-86f5-4c2e-970e-a0c7ac04106a,47f6862a-19c4-4c66-9207-fc20fc3ec2f2,1c8b1bb2-1e2b-4d24-b141-e674ac840b6e,2,1,1
4bc5c75e-91c5-4a70-807d-5caf105b72f7,R3,HMRC VAT PAYMENT,e4720f94beb86e1369e1bb706b045e5b2f63ec04fd68fe5392c4459b4e64d0ce,2026-09-10,1194.84,e125b9e1-616a-4c65-969d-6e650b6d38ac,38832e8e-fa0f-45a3-96ce-3cb6da270cbe,daa94c07-e040-4a68-9c2f-b7f1c57582c8,3b8c0820-6970-400f-a6ed-827890f4b74c,5,2,3
4bc84dda-1532-47e2-9599-dfe63631caaa,R3,OFFICE DEPOT,3275864377542bd8883cb51767fd2c943ee93720f491075090e4d2d1b4db6de4,2026-09-16,849.16,933cc6e0-27ea-4570-8a3b-41d1a8af9a13,0042d6e0-86f5-4c2e-970e-a0c7ac04106a,47f6862a-19c4-4c66-9207-fc20fc3ec2f2,1c8b1bb2-1e2b-4d24-b141-e674ac840b6e,2,2,0
4eca4547-892a-495e-9a4f-024436f3a38e,R3,MICROSOFT 365,1054cb307cd7f9019a0860035920cc725f32eb675bee25548ddf1f634c9dc8d5,2026-09-06,763.35,933cc6e0-27ea-4570-8a3b-41d1a8af9a13,0042d6e0-86f5-4c2e-970e-a0c7ac04106a,47f6862a-19c4-4c66-9207-fc20fc3ec2f2,1c8b1bb2-1e2b-4d24-b141-e674ac840b6e,2,2,0
53148ff3-be48-4b41-b4cd-5bc178493f59,R2,AMAZON WEB SERVICES,e286778b9c16222b1a789660bcf33f7b833fb1e44ae61064a95af9b614916774,2026-09-06,329.49,933cc6e0-27ea-4570-8a3b-41d1a8af9a13,0042d6e0-86f5-4c2e-970e-a0c7ac04106a,47f6862a-19c4-4c66-9207-fc20fc3ec2f2,1c8b1bb2-1e2b-4d24-b141-e674ac840b6e,2,1,1
53531e72-8d4e-43cc-8f97-37056f27e6dc,R3,PAYPAL PAYOUT,c4a887e4e8d7632007072a480c63947374313c0cf37d13e471602c897fb455a8,2026-09-07,-2151.50,e125b9e1-616a-4c65-969d-6e650b6d38ac,38832e8e-fa0f-45a3-96ce-3cb6da270cbe,daa94c07-e040-4a68-9c2f-b7f1c57582c8,3b8c0820-6970-400f-a6ed-827890f4b74c,6,3,3
588d74f5-7def-4166-97ca-bbfa1bc1fcb4,R3,CLIENT PAYMENT INV-3009,99a2c89c46a1d38b8fa844880697371c9a579f62aa8c73fe62dec468cc2a5606,2026-09-09,-1298.89,e125b9e1-616a-4c65-969d-6e650b6d38ac,38832e8e-fa0f-45a3-96ce-3cb6da270cbe,daa94c07-e040-4a68-9c2f-b7f1c57582c8,3b8c0820-6970-400f-a6ed-827890f4b74c,4,2,2
59184cdc-e19c-4bbf-86c9-761dac12e135,R3,MICROSOFT 365,1054cb307cd7f9019a0860035920cc725f32eb675bee25548ddf1f634c9dc8d5,2026-09-11,1365.01,e125b9e1-616a-4c65-969d-6e650b6d38ac,38832e8e-fa0f-45a3-96ce-3cb6da270cbe,daa94c07-e040-4a68-9c2f-b7f1c57582c8,3b8c0820-6970-400f-a6ed-827890f4b74c,5,2,3
5d5a690b-f90e-499d-86a1-0050cc8e0e4e,R3,CLIENT PAYMENT INV-3003,5820b82e12ab122f0b81f000ce8de87f19497966b1258f05396450c589916094,2026-09-03,-3049.09,e125b9e1-616a-4c65-969d-6e650b6d38ac,38832e8e-fa0f-45a3-96ce-3cb6da270cbe,daa94c07-e040-4a68-9c2f-b7f1c57582c8,3b8c0820-6970-400f-a6ed-827890f4b74c,5,2,3
62887099-5779-4e11-8c89-55ae432d289f,R3,STRIPE FEE,f0ba59aa7aa6663dd74593cd25e7adb8707b24f6f20908694a2a2c91c9b8a541,2026-09-16,334.43,e125b9e1-616a-4c65-969d-6e650b6d38ac,38832e8e-fa0f-45a3-96ce-3cb6da270cbe,daa94c07-e040-4a68-9c2f-b7f1c57582c8,3b8c0820-6970-400f-a6ed-827890f4b74c,4,2,2
6787b4d6-c55d-454d-9309-134ef0b46177,R3,CLIENT PAYMENT INV-3002,85497a91225efc910082861f4ac064d735de2ad5a4e8ac6d1644673d7b3a161d,2026-09-02,-804.30,933cc6e0-27ea-4570-8a3b-41d1a8af9a13,0042d6e0-86f5-4c2e-970e-a0c7ac04106a,47f6862a-19c4-4c66-9207-fc20fc3ec2f2,1c8b1bb2-1e2b-4d24-b141-e674ac840b6e,2,2,0
68982491-fd11-4863-83c2-f3eadb48e7ac,R3,CLIENT PAYMENT INV-3014,57cb7e7d23c884711d5cfbdbc6f8fe3c78e3c2b4b0b00979818ba26c4bd04fba,2026-09-15,-321.71,e125b9e1-616a-4c65-969d-6e650b6d38ac,38832e8e-fa0f-45a3-96ce-3cb6da270cbe,daa94c07-e040-4a68-9c2f-b7f1c57582c8,3b8c0820-6970-400f-a6ed-827890f4b74c,4,2,2
69db24fb-a9e9-43df-b0c8-7e2867f883e8,R3,PAYPAL PAYOUT,c4a887e4e8d7632007072a480c63947374313c0cf37d13e471602c897fb455a8,2026-09-07,-1644.80,e125b9e1-616a-4c65-969d-6e650b6d38ac,38832e8e-fa0f-45a3-96ce-3cb6da270cbe,daa94c07-e040-4a68-9c2f-b7f1c57582c8,3b8c0820-6970-400f-a6ed-827890f4b74c,5,2,3
6b46ee41-78e1-48f9-8cfe-3e441989bf23,R3,ADOBE,ee9021c84f33366bde80b75efa132836e47afa18b9ce58e8077f4c25d039666c,2026-09-03,1397.79,933cc6e0-27ea-4570-8a3b-41d1a8af9a13,0042d6e0-86f5-4c2e-970e-a0c7ac04106a,47f6862a-19c4-4c66-9207-fc20fc3ec2f2,1c8b1bb2-1e2b-4d24-b141-e674ac840b6e,2,2,0
6de84a10-8eb6-4d12-9953-5db36a0ca1e2,R2,CLIENT PAYMENT INV-3015,cacc5bf5ef54b6b11ad524f3d65c206737af16d82fe9944ca285b38ebbd6e50a,2026-09-17,-2568.26,933cc6e0-27ea-4570-8a3b-41d1a8af9a13,0042d6e0-86f5-4c2e-970e-a0c7ac04106a,47f6862a-19c4-4c66-9207-fc20fc3ec2f2,1c8b1bb2-1e2b-4d24-b141-e674ac840b6e,2,1,1
767abc0b-94fc-4d41-bf87-949448035478,R3,CLIENT PAYMENT INV-3008,0d1a3b997d44400805c9272e7706e888a25af703767ead96cba45453406c198a,2026-09-08,-973.71,933cc6e0-27ea-4570-8a3b-41d1a8af9a13,0042d6e0-86f5-4c2e-970e-a0c7ac04106a,47f6862a-19c4-4c66-9207-fc20fc3ec2f2,1c8b1bb2-1e2b-4d24-b141-e674ac840b6e,2,2,0
7d3a9b86-f9ac-4a8e-8c42-87dfe180d142,R3,AMAZON WEB SERVICES,e286778b9c16222b1a789660bcf33f7b833fb1e44ae61064a95af9b614916774,2026-09-06,329.49,e125b9e1-616a-4c65-969d-6e650b6d38ac,38832e8e-fa0f-45a3-96ce-3cb6da270cbe,daa94c07-e040-4a68-9c2f-b7f1c57582c8,3b8c0820-6970-400f-a6ed-827890f4b74c,5,2,3
7fe04dcf-940e-4e7f-8711-86323189c11d,R3,ADOBE,ee9021c84f33366bde80b75efa132836e47afa18b9ce58e8077f4c25d039666c,2026-09-16,261.14,933cc6e0-27ea-4570-8a3b-41d1a8af9a13,0042d6e0-86f5-4c2e-970e-a0c7ac04106a,47f6862a-19c4-4c66-9207-fc20fc3ec2f2,1c8b1bb2-1e2b-4d24-b141-e674ac840b6e,2,2,0
80789a56-1059-4cdd-9e0f-91f8847ff1af,R3,CLIENT PAYMENT INV-3015,cacc5bf5ef54b6b11ad524f3d65c206737af16d82fe9944ca285b38ebbd6e50a,2026-09-17,-2568.26,e125b9e1-616a-4c65-969d-6e650b6d38ac,38832e8e-fa0f-45a3-96ce-3cb6da270cbe,daa94c07-e040-4a68-9c2f-b7f1c57582c8,3b8c0820-6970-400f-a6ed-827890f4b74c,4,2,2
841792dd-1fc5-466f-9096-4411bd96287c,R2,CLIENT PAYMENT INV-3006,851559b0e91b9e2ce5406a7ccda012f7959e883d7da6b553fe8300bde87e4493,2026-09-04,-480.65,933cc6e0-27ea-4570-8a3b-41d1a8af9a13,0042d6e0-86f5-4c2e-970e-a0c7ac04106a,47f6862a-19c4-4c66-9207-fc20fc3ec2f2,1c8b1bb2-1e2b-4d24-b141-e674ac840b6e,2,1,1
87248275-7af1-48ae-9dcc-5cf089f49db3,R3,CLIENT PAYMENT INV-3011,d216e750c164970f9b22512542dad86d254787dd920e72618dbe5632c6890b50,2026-09-11,-1664.77,e125b9e1-616a-4c65-969d-6e650b6d38ac,38832e8e-fa0f-45a3-96ce-3cb6da270cbe,daa94c07-e040-4a68-9c2f-b7f1c57582c8,3b8c0820-6970-400f-a6ed-827890f4b74c,4,2,2
895c38df-41d0-443f-a3ce-fd9d4afe4f7b,R3,STRIPE PAYOUT,b1ba32ff6017633bf4a5f0b8cf094a15f87173e492fab6d5d965b6bd6d5941ec,2026-09-09,-2627.20,e125b9e1-616a-4c65-969d-6e650b6d38ac,38832e8e-fa0f-45a3-96ce-3cb6da270cbe,daa94c07-e040-4a68-9c2f-b7f1c57582c8,3b8c0820-6970-400f-a6ed-827890f4b74c,5,2,3
8a125983-8901-4614-a19a-abd7a4ff86a7,R3,CLIENT PAYMENT INV-3005,0dc0c131f5f51af06bd1ef5f24ca427d175bc3d58723c30da9f6bf38598bf432,2026-09-04,-383.67,e125b9e1-616a-4c65-969d-6e650b6d38ac,38832e8e-fa0f-45a3-96ce-3cb6da270cbe,daa94c07-e040-4a68-9c2f-b7f1c57582c8,3b8c0820-6970-400f-a6ed-827890f4b74c,6,3,3
8d8101ef-4047-42fd-8f93-3dfb130cfa1a,R3,PAYPAL PAYOUT,c4a887e4e8d7632007072a480c63947374313c0cf37d13e471602c897fb455a8,2026-09-07,-2411.92,e125b9e1-616a-4c65-969d-6e650b6d38ac,38832e8e-fa0f-45a3-96ce-3cb6da270cbe,daa94c07-e040-4a68-9c2f-b7f1c57582c8,3b8c0820-6970-400f-a6ed-827890f4b74c,5,2,3
977a0dd1-1b82-4cd0-8fa3-7fd8cc85e018,R3,GOOGLE WORKSPACE,c3f6bcf802410fe377de9e52cc34a7fd6c4cde995f949d42420033abefeaae19,2026-09-01,1484.39,e125b9e1-616a-4c65-969d-6e650b6d38ac,38832e8e-fa0f-45a3-96ce-3cb6da270cbe,daa94c07-e040-4a68-9c2f-b7f1c57582c8,3b8c0820-6970-400f-a6ed-827890f4b74c,6,3,3
9b2a6a73-b36a-47e3-aea8-1eaa430de362,R3,OFFICE DEPOT,3275864377542bd8883cb51767fd2c943ee93720f491075090e4d2d1b4db6de4,2026-09-05,1771.48,e125b9e1-616a-4c65-969d-6e650b6d38ac,38832e8e-fa0f-45a3-96ce-3cb6da270cbe,daa94c07-e040-4a68-9c2f-b7f1c57582c8,3b8c0820-6970-400f-a6ed-827890f4b74c,4,2,2
9cd7fe81-9675-4c8f-b66b-c0c441ca4899,R3,STRIPE FEE,f0ba59aa7aa6663dd74593cd25e7adb8707b24f6f20908694a2a2c91c9b8a541,2026-09-02,841.94,933cc6e0-27ea-4570-8a3b-41d1a8af9a13,0042d6e0-86f5-4c2e-970e-a0c7ac04106a,47f6862a-19c4-4c66-9207-fc20fc3ec2f2,1c8b1bb2-1e2b-4d24-b141-e674ac840b6e,2,2,0
9df5e55d-6c1e-4468-a4fc-d7148564db4b,R3,BANK CHARGES,e43588e5f91e89a8c86689a31a562411129c292d816231673b1f1dec238c5694,2026-09-09,290.03,e125b9e1-616a-4c65-969d-6e650b6d38ac,38832e8e-fa0f-45a3-96ce-3cb6da270cbe,daa94c07-e040-4a68-9c2f-b7f1c57582c8,3b8c0820-6970-400f-a6ed-827890f4b74c,5,2,3
9e4cba08-2ed0-49a1-b30c-8a5dbcf515ed,R3,PAYPAL PAYOUT,c4a887e4e8d7632007072a480c63947374313c0cf37d13e471602c897fb455a8,2026-09-07,-2411.92,933cc6e0-27ea-4570-8a3b-41d1a8af9a13,0042d6e0-86f5-4c2e-970e-a0c7ac04106a,47f6862a-19c4-4c66-9207-fc20fc3ec2f2,1c8b1bb2-1e2b-4d24-b141-e674ac840b6e,2,2,0
a2db043b-2eeb-45a4-9633-3a20c079c076,R3,MICROSOFT 365,1054cb307cd7f9019a0860035920cc725f32eb675bee25548ddf1f634c9dc8d5,2026-09-11,1365.01,933cc6e0-27ea-4570-8a3b-41d1a8af9a13,0042d6e0-86f5-4c2e-970e-a0c7ac04106a,47f6862a-19c4-4c66-9207-fc20fc3ec2f2,1c8b1bb2-1e2b-4d24-b141-e674ac840b6e,2,2,0
a930ae6c-d213-4644-87d1-7dc9ea7065ac,R3,SHELL,ce635c4eabff5e4f56dba8fb1e39ca235530aa2b6b18533eef1af3862016c577,2026-09-13,309.91,e125b9e1-616a-4c65-969d-6e650b6d38ac,38832e8e-fa0f-45a3-96ce-3cb6da270cbe,daa94c07-e040-4a68-9c2f-b7f1c57582c8,3b8c0820-6970-400f-a6ed-827890f4b74c,5,2,3
a939cff2-fe20-4f20-9fe1-aaec94a1638b,R3,PAYPAL PAYOUT,c4a887e4e8d7632007072a480c63947374313c0cf37d13e471602c897fb455a8,2026-09-07,-2151.50,933cc6e0-27ea-4570-8a3b-41d1a8af9a13,0042d6e0-86f5-4c2e-970e-a0c7ac04106a,47f6862a-19c4-4c66-9207-fc20fc3ec2f2,1c8b1bb2-1e2b-4d24-b141-e674ac840b6e,2,2,0
aa1d3b72-9d06-44f8-8e55-65fda4bcfc1d,R3,TRAINLINE,e1eaff0eb106c162aaa2b5b15fe915f5817a5855983217f5e3b5d5d5d9bfbf39,2026-09-12,1538.35,933cc6e0-27ea-4570-8a3b-41d1a8af9a13,0042d6e0-86f5-4c2e-970e-a0c7ac04106a,47f6862a-19c4-4c66-9207-fc20fc3ec2f2,1c8b1bb2-1e2b-4d24-b141-e674ac840b6e,2,2,0
aad42d22-6dd7-4d6f-b0ee-d668fc255aee,R3,STRIPE FEE,f0ba59aa7aa6663dd74593cd25e7adb8707b24f6f20908694a2a2c91c9b8a541,2026-09-14,1907.23,933cc6e0-27ea-4570-8a3b-41d1a8af9a13,0042d6e0-86f5-4c2e-970e-a0c7ac04106a,47f6862a-19c4-4c66-9207-fc20fc3ec2f2,1c8b1bb2-1e2b-4d24-b141-e674ac840b6e,2,2,0
acc80039-13e7-4445-abed-4cffb99110b9,R3,STRIPE FEE,f0ba59aa7aa6663dd74593cd25e7adb8707b24f6f20908694a2a2c91c9b8a541,2026-09-13,1825.69,e125b9e1-616a-4c65-969d-6e650b6d38ac,38832e8e-fa0f-45a3-96ce-3cb6da270cbe,daa94c07-e040-4a68-9c2f-b7f1c57582c8,3b8c0820-6970-400f-a6ed-827890f4b74c,4,2,2
b2892046-d2a2-41b3-bba1-c591f0b48277,R3,OFFICE DEPOT,3275864377542bd8883cb51767fd2c943ee93720f491075090e4d2d1b4db6de4,2026-09-05,1771.48,933cc6e0-27ea-4570-8a3b-41d1a8af9a13,0042d6e0-86f5-4c2e-970e-a0c7ac04106a,47f6862a-19c4-4c66-9207-fc20fc3ec2f2,1c8b1bb2-1e2b-4d24-b141-e674ac840b6e,2,2,0
b3cbf69c-0f1d-416f-8c73-926592c74ee5,R2,CLIENT PAYMENT INV-3005,0dc0c131f5f51af06bd1ef5f24ca427d175bc3d58723c30da9f6bf38598bf432,2026-09-04,-383.67,933cc6e0-27ea-4570-8a3b-41d1a8af9a13,0042d6e0-86f5-4c2e-970e-a0c7ac04106a,47f6862a-19c4-4c66-9207-fc20fc3ec2f2,1c8b1bb2-1e2b-4d24-b141-e674ac840b6e,2,1,1
b48714d3-0154-4b84-85eb-78f4f1217f19,R3,PAYPAL PAYOUT,c4a887e4e8d7632007072a480c63947374313c0cf37d13e471602c897fb455a8,2026-09-07,-1644.80,933cc6e0-27ea-4570-8a3b-41d1a8af9a13,0042d6e0-86f5-4c2e-970e-a0c7ac04106a,47f6862a-19c4-4c66-9207-fc20fc3ec2f2,1c8b1bb2-1e2b-4d24-b141-e674ac840b6e,2,2,0
ba25ea99-6a99-48a2-9ee3-5973f24ba15f,R3,OFFICE DEPOT,3275864377542bd8883cb51767fd2c943ee93720f491075090e4d2d1b4db6de4,2026-09-04,532.72,933cc6e0-27ea-4570-8a3b-41d1a8af9a13,0042d6e0-86f5-4c2e-970e-a0c7ac04106a,47f6862a-19c4-4c66-9207-fc20fc3ec2f2,1c8b1bb2-1e2b-4d24-b141-e674ac840b6e,2,2,0
c4fa9bae-2788-49cd-9e9e-775c55f68fe6,R2,CLIENT PAYMENT INV-3010,fa49995867be7c7a7960b7217937c407f01705bab82b93147badaf2f0ef57d25,2026-09-10,-428.29,933cc6e0-27ea-4570-8a3b-41d1a8af9a13,0042d6e0-86f5-4c2e-970e-a0c7ac04106a,47f6862a-19c4-4c66-9207-fc20fc3ec2f2,1c8b1bb2-1e2b-4d24-b141-e674ac840b6e,2,1,1
c6fb703b-cf70-4417-a4fd-c9a02906765b,R6,REFUND AMAZON,4e1599e7d8046e4ec850afe761adf81abe542789adb5d7fabc00ec07859f10d4,2026-10-01,-48.72,933cc6e0-27ea-4570-8a3b-41d1a8af9a13,0042d6e0-86f5-4c2e-970e-a0c7ac04106a,47f6862a-19c4-4c66-9207-fc20fc3ec2f2,1c8b1bb2-1e2b-4d24-b141-e674ac840b6e,2,2,0
cabbec10-5155-4102-94ce-f90baf4c0441,R3,TRAINLINE,e1eaff0eb106c162aaa2b5b15fe915f5817a5855983217f5e3b5d5d5d9bfbf39,2026-09-12,1538.35,e125b9e1-616a-4c65-969d-6e650b6d38ac,38832e8e-fa0f-45a3-96ce-3cb6da270cbe,daa94c07-e040-4a68-9c2f-b7f1c57582c8,3b8c0820-6970-400f-a6ed-827890f4b74c,5,2,3
ccf900f8-7071-4943-8e6d-f1860ae17b96,R3,STRIPE PAYOUT,b1ba32ff6017633bf4a5f0b8cf094a15f87173e492fab6d5d965b6bd6d5941ec,2026-09-09,-2627.20,933cc6e0-27ea-4570-8a3b-41d1a8af9a13,0042d6e0-86f5-4c2e-970e-a0c7ac04106a,47f6862a-19c4-4c66-9207-fc20fc3ec2f2,1c8b1bb2-1e2b-4d24-b141-e674ac840b6e,2,2,0
cd0a15ca-0aa5-408c-a943-59caf2ad8361,R5,4FB-CANONICAL-TEST A,e3ac06de92a967b97af2412d78bac4ab5a0ea2a0522c815102ab8c71e088f71d,2026-07-16,-5.00,e125b9e1-616a-4c65-969d-6e650b6d38ac,38832e8e-fa0f-45a3-96ce-3cb6da270cbe,daa94c07-e040-4a68-9c2f-b7f1c57582c8,3b8c0820-6970-400f-a6ed-827890f4b74c,3,1,2
cd90b49f-1350-4fd4-8066-7104b8c63dbf,R3,TRAINLINE,e1eaff0eb106c162aaa2b5b15fe915f5817a5855983217f5e3b5d5d5d9bfbf39,2026-09-13,1684.13,e125b9e1-616a-4c65-969d-6e650b6d38ac,38832e8e-fa0f-45a3-96ce-3cb6da270cbe,daa94c07-e040-4a68-9c2f-b7f1c57582c8,3b8c0820-6970-400f-a6ed-827890f4b74c,5,2,3
d1768c54-d276-40a0-8d03-7ad6253a7006,R3,MICROSOFT 365,1054cb307cd7f9019a0860035920cc725f32eb675bee25548ddf1f634c9dc8d5,2026-09-14,1858.55,e125b9e1-616a-4c65-969d-6e650b6d38ac,38832e8e-fa0f-45a3-96ce-3cb6da270cbe,daa94c07-e040-4a68-9c2f-b7f1c57582c8,3b8c0820-6970-400f-a6ed-827890f4b74c,5,2,3
d3c34529-7dd6-4606-af2b-d59c2f19411a,R3,GOOGLE WORKSPACE,c3f6bcf802410fe377de9e52cc34a7fd6c4cde995f949d42420033abefeaae19,2026-09-01,1484.39,933cc6e0-27ea-4570-8a3b-41d1a8af9a13,0042d6e0-86f5-4c2e-970e-a0c7ac04106a,47f6862a-19c4-4c66-9207-fc20fc3ec2f2,1c8b1bb2-1e2b-4d24-b141-e674ac840b6e,2,2,0
d6a8207f-f5bf-4d26-ab4e-9d6a7729ee2e,R3,CLIENT PAYMENT INV-3005,0dc0c131f5f51af06bd1ef5f24ca427d175bc3d58723c30da9f6bf38598bf432,2026-09-04,-383.67,e125b9e1-616a-4c65-969d-6e650b6d38ac,38832e8e-fa0f-45a3-96ce-3cb6da270cbe,daa94c07-e040-4a68-9c2f-b7f1c57582c8,3b8c0820-6970-400f-a6ed-827890f4b74c,5,2,3
d7631bdb-4cf0-4003-9a1f-db7c62b8bd43,R3,ADOBE,ee9021c84f33366bde80b75efa132836e47afa18b9ce58e8077f4c25d039666c,2026-09-16,261.14,e125b9e1-616a-4c65-969d-6e650b6d38ac,38832e8e-fa0f-45a3-96ce-3cb6da270cbe,daa94c07-e040-4a68-9c2f-b7f1c57582c8,3b8c0820-6970-400f-a6ed-827890f4b74c,3,2,1
d9a07f3c-3f1c-4bf0-82b8-8c2557cb27c8,R3,TRAINLINE,e1eaff0eb106c162aaa2b5b15fe915f5817a5855983217f5e3b5d5d5d9bfbf39,2026-09-15,482.71,e125b9e1-616a-4c65-969d-6e650b6d38ac,38832e8e-fa0f-45a3-96ce-3cb6da270cbe,daa94c07-e040-4a68-9c2f-b7f1c57582c8,3b8c0820-6970-400f-a6ed-827890f4b74c,5,2,3
dadecc13-3173-4a82-8c10-637794f30e8b,R3,ADOBE,ee9021c84f33366bde80b75efa132836e47afa18b9ce58e8077f4c25d039666c,2026-09-10,1021.50,e125b9e1-616a-4c65-969d-6e650b6d38ac,38832e8e-fa0f-45a3-96ce-3cb6da270cbe,daa94c07-e040-4a68-9c2f-b7f1c57582c8,3b8c0820-6970-400f-a6ed-827890f4b74c,3,2,1
de3569ec-ed2c-487e-969d-15e5501f5a88,R3,TRAINLINE,e1eaff0eb106c162aaa2b5b15fe915f5817a5855983217f5e3b5d5d5d9bfbf39,2026-09-15,482.71,933cc6e0-27ea-4570-8a3b-41d1a8af9a13,0042d6e0-86f5-4c2e-970e-a0c7ac04106a,47f6862a-19c4-4c66-9207-fc20fc3ec2f2,1c8b1bb2-1e2b-4d24-b141-e674ac840b6e,2,2,0
e1fde6f2-1351-44c0-a944-331c3f60a60e,R3,BANK CHARGES,e43588e5f91e89a8c86689a31a562411129c292d816231673b1f1dec238c5694,2026-09-09,290.03,933cc6e0-27ea-4570-8a3b-41d1a8af9a13,0042d6e0-86f5-4c2e-970e-a0c7ac04106a,47f6862a-19c4-4c66-9207-fc20fc3ec2f2,1c8b1bb2-1e2b-4d24-b141-e674ac840b6e,2,2,0
e3c6d202-c666-4e83-9e80-610bae824fcd,R3,GOOGLE WORKSPACE,c3f6bcf802410fe377de9e52cc34a7fd6c4cde995f949d42420033abefeaae19,2026-09-02,1124.68,e125b9e1-616a-4c65-969d-6e650b6d38ac,38832e8e-fa0f-45a3-96ce-3cb6da270cbe,daa94c07-e040-4a68-9c2f-b7f1c57582c8,3b8c0820-6970-400f-a6ed-827890f4b74c,6,3,3
e6198519-6244-46a1-af05-e4dd83c5979f,R3,CLIENT PAYMENT INV-3004,f45b8a681f8b9a98f41c4eb542a6ffddbbcd3ce2c86a38e0a724826a67634b48,2026-09-03,-3352.39,933cc6e0-27ea-4570-8a3b-41d1a8af9a13,0042d6e0-86f5-4c2e-970e-a0c7ac04106a,47f6862a-19c4-4c66-9207-fc20fc3ec2f2,1c8b1bb2-1e2b-4d24-b141-e674ac840b6e,2,2,0
e6ac3c68-3889-4238-b3af-10c99951672b,R3,TRAINLINE,e1eaff0eb106c162aaa2b5b15fe915f5817a5855983217f5e3b5d5d5d9bfbf39,2026-09-06,1970.52,e125b9e1-616a-4c65-969d-6e650b6d38ac,38832e8e-fa0f-45a3-96ce-3cb6da270cbe,daa94c07-e040-4a68-9c2f-b7f1c57582c8,3b8c0820-6970-400f-a6ed-827890f4b74c,5,2,3
e8027f5c-68dd-4004-b5a8-6af1ec9bf295,R3,STRIPE FEE,f0ba59aa7aa6663dd74593cd25e7adb8707b24f6f20908694a2a2c91c9b8a541,2026-09-13,1825.69,933cc6e0-27ea-4570-8a3b-41d1a8af9a13,0042d6e0-86f5-4c2e-970e-a0c7ac04106a,47f6862a-19c4-4c66-9207-fc20fc3ec2f2,1c8b1bb2-1e2b-4d24-b141-e674ac840b6e,2,2,0
e81ef973-84f7-44fe-aa4c-c577823ec15d,R3,CLIENT PAYMENT INV-3007,b0dacb11da5a158e80e4e26626b0a2751b3a09df98f9041c1ef8a59326f6ca06,2026-09-05,-289.97,e125b9e1-616a-4c65-969d-6e650b6d38ac,38832e8e-fa0f-45a3-96ce-3cb6da270cbe,daa94c07-e040-4a68-9c2f-b7f1c57582c8,3b8c0820-6970-400f-a6ed-827890f4b74c,4,2,2
e8ba237b-583a-4093-8cb0-32a7bf5cb08d,R3,GOOGLE WORKSPACE,c3f6bcf802410fe377de9e52cc34a7fd6c4cde995f949d42420033abefeaae19,2026-09-08,461.95,933cc6e0-27ea-4570-8a3b-41d1a8af9a13,0042d6e0-86f5-4c2e-970e-a0c7ac04106a,47f6862a-19c4-4c66-9207-fc20fc3ec2f2,1c8b1bb2-1e2b-4d24-b141-e674ac840b6e,2,2,0
ec2f2979-7440-4097-b9e4-d5190774bbad,R3,MICROSOFT 365,1054cb307cd7f9019a0860035920cc725f32eb675bee25548ddf1f634c9dc8d5,2026-09-14,1858.55,933cc6e0-27ea-4570-8a3b-41d1a8af9a13,0042d6e0-86f5-4c2e-970e-a0c7ac04106a,47f6862a-19c4-4c66-9207-fc20fc3ec2f2,1c8b1bb2-1e2b-4d24-b141-e674ac840b6e,2,2,0
eff8b3ac-a91a-4b6b-af95-fb033a0d45d7,R6,TRANSFER TO SAVINGS,2550ddeaf2e9936c2182a63fd46dce90fcff49f5c3da8e0ed098afd6a56ebf34,2026-09-30,1000.00,933cc6e0-27ea-4570-8a3b-41d1a8af9a13,0042d6e0-86f5-4c2e-970e-a0c7ac04106a,47f6862a-19c4-4c66-9207-fc20fc3ec2f2,1c8b1bb2-1e2b-4d24-b141-e674ac840b6e,2,2,0
f2cc253f-2f37-4a3b-9760-e97f06a3138a,R3,CLIENT PAYMENT INV-3016,2e24d4d5fef1d2ef850f7e1e5bb411b8758dea507a62057e8c7dad9faf5d831b,2026-09-17,-3483.27,e125b9e1-616a-4c65-969d-6e650b6d38ac,38832e8e-fa0f-45a3-96ce-3cb6da270cbe,daa94c07-e040-4a68-9c2f-b7f1c57582c8,3b8c0820-6970-400f-a6ed-827890f4b74c,4,2,2
f47d6182-a9d7-488a-83d2-f0168093b8b3,R3,MICROSOFT 365,1054cb307cd7f9019a0860035920cc725f32eb675bee25548ddf1f634c9dc8d5,2026-09-05,1106.32,e125b9e1-616a-4c65-969d-6e650b6d38ac,38832e8e-fa0f-45a3-96ce-3cb6da270cbe,daa94c07-e040-4a68-9c2f-b7f1c57582c8,3b8c0820-6970-400f-a6ed-827890f4b74c,5,2,3
fadc425e-0994-4ba0-a07b-4143b380bd22,R2,CLIENT PAYMENT INV-3013,d22166ec0fe58d8cce2936282d62753973992baf8831af2dfec4fc55352a03c1,2026-09-12,-595.64,933cc6e0-27ea-4570-8a3b-41d1a8af9a13,0042d6e0-86f5-4c2e-970e-a0c7ac04106a,47f6862a-19c4-4c66-9207-fc20fc3ec2f2,1c8b1bb2-1e2b-4d24-b141-e674ac840b6e,2,1,1
fc39c929-acb9-4870-ac7b-8625d1553a07,R3,STRIPE FEE,f0ba59aa7aa6663dd74593cd25e7adb8707b24f6f20908694a2a2c91c9b8a541,2026-09-01,178.44,933cc6e0-27ea-4570-8a3b-41d1a8af9a13,0042d6e0-86f5-4c2e-970e-a0c7ac04106a,47f6862a-19c4-4c66-9207-fc20fc3ec2f2,1c8b1bb2-1e2b-4d24-b141-e674ac840b6e,2,2,0
fd6f7151-12f8-4554-a91e-26b45fa2c7a7,R2,CLIENT PAYMENT INV-3014,57cb7e7d23c884711d5cfbdbc6f8fe3c78e3c2b4b0b00979818ba26c4bd04fba,2026-09-15,-321.71,933cc6e0-27ea-4570-8a3b-41d1a8af9a13,0042d6e0-86f5-4c2e-970e-a0c7ac04106a,47f6862a-19c4-4c66-9207-fc20fc3ec2f2,1c8b1bb2-1e2b-4d24-b141-e674ac840b6e,2,1,1
fe1949c9-e3f1-4f2d-9410-26c16940373b,R3,STRIPE FEE,f0ba59aa7aa6663dd74593cd25e7adb8707b24f6f20908694a2a2c91c9b8a541,2026-09-16,334.43,933cc6e0-27ea-4570-8a3b-41d1a8af9a13,0042d6e0-86f5-4c2e-970e-a0c7ac04106a,47f6862a-19c4-4c66-9207-fc20fc3ec2f2,1c8b1bb2-1e2b-4d24-b141-e674ac840b6e,2,2,0
